{
    "parent": "item/generated",
    "textures": {
        "layer0": "item/doobie"
    },
    "display": {
        "thirdperson_righthand": {
            "rotation": [ 0, -125, 45 ],
            "translation": [ -1, 2, 2 ],
            "scale": [ 0.5, 0.5, 0.5 ]
        },
        "thirdperson_lefthand": {
            "rotation": [ 0, 55, -45 ],
            "translation": [ -1, 2, 2 ],
            "scale": [ 0.5, 0.5, 0.5 ]
        },
        "firstperson_righthand": {
            "rotation": [ 0, -65, 25 ],
            "translation": [ 0, -2.5, -7.5 ]
        },
        "firstperson_lefthand": {
            "rotation": [ 0, 115, -25 ],
            "translation": [ 0, -2.5, -7.5 ]
        }
    }
}
