{
	"parent":"minecraft:item/generated",
	"textures": {
		"layer0": "minecraft:item/rosegold_pickaxe"
	},
	"display": {
        "thirdperson_righthand": {
            "rotation": [ 0, -90, 55 ],
            "translation": [ 0, 4.0, 0.5 ],
            "scale": [ 0.85, 0.85, 0.85 ]
        },
        "thirdperson_lefthand": {
            "rotation": [ 0, 90, -55 ],
            "translation": [ 0, 4.0, 0.5 ],
            "scale": [ 0.85, 0.85, 0.85 ]
        },
        "firstperson_righthand": {
            "rotation": [ -45, -45, -40 ],
            "translation": [ 1.13, 3.2, 1.13 ],
            "scale": [ 0.68, 0.68, 0.68 ]
        },
        "firstperson_lefthand": {
            "rotation": [ -45, 135, 40 ],
            "translation": [ 1.13, 3.2, 1.13 ],
            "scale": [ 0.68, 0.68, 0.68 ]
        }
	}
}