{
	"parent": "minecraft:item/handheld",
	"textures": {
		"layer0": "minecraft:item/scythe"
	},
	"display": {
        "thirdperson_righthand": {
            "rotation": [ 0, -90, 55 ],
            "translation": [ 0, 4.0, 0.5 ],
            "scale": [ 1.6, 1.6, 0.6 ]
        },
        "thirdperson_lefthand": {
            "rotation": [ 0, 90, -55 ],
            "translation": [ 0, 4.0, 0.5 ],
            "scale": [ 1.6, 1.6, 0.6 ]
        },
        "firstperson_righthand": {
            "rotation": [ 0, -90, 25 ],
            "translation": [ 1.13, 3.2, 1.13 ],
            "scale": [ 1.4, 1.4, 0.6 ]
        },
        "firstperson_lefthand": {
            "rotation": [ 0, 90, -25 ],
            "translation": [ 1.13, 3.2, 1.13 ],
            "scale": [ 1.4, 1.4, 0.6 ]
        }
	}
}