{
  "type": "entity",
  "pools": [
    {
      "rolls": 1,
      "entries": [
        {
          "type": "item",
          "weight": 1,
          "name": "minecraft:poisonous_potato",
          "functions": [
            {
              "function": "minecraft:set_components",
              "components": {
				  "minecraft:consumable": {
					  "consume_seconds": 0,
					  "sound": "block.wool.break",
					  "has_consume_particles": false,
					  "on_consume_effects": []
				  },
				  "minecraft:item_name": {"translate": "item.minecraft.gift_xmas"},
				  "minecraft:item_model": "minecraft:gift_xmas",
				  "!minecraft:food": {}
			  }
            }
          ]
        }
      ]
    }
  ]
}