{
  "criteria": {
    "example": {
      "trigger": "minecraft:item_used_on_block",
      "conditions": {
        "location": [
          {
            "condition": "minecraft:match_tool",
            "predicate": {
              "items": [
                "minecraft:compass"
              ]
            }
          },
          {
            "condition": "minecraft:location_check",
            "predicate": {
              "block": {
                "blocks": "minecraft:lodestone"
              }
            }
          }
        ]
      }
    }
  },
  "rewards": {
	  "function": "gothic:lodestone-use"
  }
}