{
  "criteria": {
    "example": {
      "trigger": "minecraft:item_used_on_block",
      "conditions": {
        "location": [
          {
            "condition": "minecraft:match_tool",
            "predicate": {
              "items": "#minecraft:axes"
            }
          },
          {
            "condition": "minecraft:location_check",
            "predicate": {
              "block": {
                "blocks": "#minecraft:scrape_patina"
              }
            }
          }
        ]
      }
    }
  },
  "rewards": {
	  "function": "gothic:scrape-patina"
  }
}