{
	"function": "minecraft:set_components",
	"components": {
		"minecraft:item_name": {"translate": "item.minecraft.trowel"},
		"minecraft:item_model": "minecraft:trowel",
		"minecraft:max_stack_size": 1,
		"minecraft:rarity": "common",
		"minecraft:use_remainder": {
			"id": "minecraft:barrier",
			"components": {
				"minecraft:item_name": {"translate": "item.minecraft.trowel"},
				"minecraft:item_model": "minecraft:trowel",
				"minecraft:max_stack_size": 1,
				"minecraft:rarity": "common"
			}
		}
	}
}