{
  "model": {
    "type": "minecraft:condition",
    "on_false": {
      "type": "minecraft:model",
      "model": "minecraft:item/potion",
      "tints": [
        {
          "type": "minecraft:potion",
          "default": -13083194
        }
      ]
    },
    "on_true": {
      "type": "minecraft:model",
      "model": "minecraft:item/potion_drinking",
      "tints": [
        {
          "type": "minecraft:potion",
          "default": -13083194
        }
      ]
    },
    "property": "minecraft:using_item"
  }
}